ID Cliente,Resenha
1918,"Ele não deu conta de jogos de FPS, além de descarregar muito rápido! Só consigo usar para jogos de turno e indies!, coisa que eu faria com um controle genérico de camelô"
2204,"Achei o produto péssimo! os botões agarram muito e o direcional é duro"
1176,"A entrega foi realizada rapidamente. além disso, o produto equivale ao anúncio. Achei bom que a carcaça é texturizada, tornando assim bem firme de segurar."
1238,"Ele funciona, mas tem outras variações no mercado por 1/3 do valor"
1878,"Deixei carregando por 3hs da primeira vez. Consegui usar apenas em duas jogatinas. No dia seguinte, estava descarregado. Carreguei novamente e fui jogar online. Funcionou apenas os primeiros 90 minutos e começou a piscar a luz vermelha de bateria fraca. Muito ruim. Vou tentar devolver"
1292,"Ele não conecta direito, raramente você consegue parear! você instala os drivers e mesmo assim o PC não reconhece. Não serve pra jogo de luta, quando você consegue fazer ele funcionar é apenas para jogos muito simples, mas de resto o analógico trava e dá drift. Ahhhh, ele também é super pequeno, não encaixa na mão. não comprem."
1225,"Veio super bem embalado, os gatilhos são super precisos, é prático e incrível, eu amei que além do cabo vem com borrachas extras pros analógicos! Muito fofo !!! o material é de ótima qualidade"
1568,"Adorei a aquisição. Ótima resposta dos botões e tamanho, e pode ser recarregado e utilizado no PC ou no celular. Vem com o dongle wireless e cabo."
1508,"o produto superou minhas expectativas. e fácil pareamento, pegada confortável, bateria de grande durabilidade e vibração bem forte pelo seu tamanho. Estou usando diariamente para jogar RPGs, indies e jogos de corrida, sem nenhum input lag."
1182,"Eu não consegui usar o produto pois eu carreguei no PC e fui ligar para jogar no sofá, no entanto, ele não funciona sem fio, mostrando que está descarregado. Por isso, creio que está com defeito na bateria e gostaria de uma solução. Obrigada"
1776,"Funcionou uma vez e nunca mais. Ele não liga se o receptor USB não estiver perfeitamente conectado e por alguma razão o Windows nunca mais reconheceu direito e o controle nunca mais ligou. Péssimo e ainda me fez raiva no meio da partida."
1169,"Gostei muito do produto, boa qualidade dos materiais, bem embalado, cumpriu a data prevista de entrega. Super recomendo"
2788,"Qualidade pésssima! o analógico começou a dar drift após alguns meses"
1909,"Ele de fato é um controle bonito, mas para mãos pequenas e para jogos mais casuais e de plataforma. Então funciona bem para emuladores e jogos de aventura. Tem uma precisão média, muito boa para o preço pago!"
1244,"Produto ótimo, vem com cabo longo de 2 metros, o que é muito bom, além disso é super prático de configurar na Steam, ótimo para a jogatina do dia a dia."
1621,"Ele funciona bem, porém ao comprar não observei o tamanho. Ele é muito pequeno, dá cãibra na mão."
1636,"Muito bom e prático pra usar nas gameplays do dia a dia."
3110,"o controle é muito pequeno...poderia ser maior"
1883,"o controle não é excelente, mas atende. Os gatilhos poderiam ser melhores."
1092,"Amei o gamepad. Muito prático de conectar e não tem atraso! Super recomendo"
1673,"Produto com boa qualidade, botões macios e eficiente, atende o propósito!"
1419,"Excelente produto! Por ser bluetooth é muito prático pra jogar no tablet ou notebook. Além de lindo!"
1232,"Produto de excelente qualidade, fácil de configurar e com motores de vibração bem potentes."
1010,"Produto lindo , empolgado baixei um jogo de tiro , peguei o controle, ajustei os botões , tive uma imensa dificuldade de acertar a zona morta do analógico e fui jogar , cadê a precisão da mira ? Depois de várias tentativas , desisti. não digam que estava descarregado, eu carreguei antes e depois do fracasso."
1093,"Melhor compra possível. o feedback tátil é super forte!"
1337,"Uso para jogar no PC, mas não gostei da cor do produto. pedi o modelo preto e veio o branco com detalhes vermelhos"
1731,"Já deixei carregando por mais de três horas e quando conecto o dongle no PC, e aperto o botão home, o controle não sincroniza e a luz começa a piscar entre vermelha e azul. E fica assim e nada funciona."
1258,"Responde perfeitamente em jogos de luta, desliga sozinho pra poupar bateria quando ocioso, foi um ótimo investimento! Produto leve, botões silenciosos, estou satisfeita!"
1408,"É de fácil configuração, pegada boa, bonitinho, etc. Mas os gatilhos não são analógicos, parecem botões comuns de clique."
1270,"Respondeu as minhas expectativas. Muito bom para jogatinas casuais e com boa qualidade de construção."
1469,"Ele é bom para jogos da Steam, mas tem dificuldade de reconhecimento nativo com emuladores mais antigos e jogos da Epic Games."
3412,"Achei o material do direcional (d-pad) ruim! é muito frágil"
1355,"Muito fácil de conectar no Windows e de mapear os botões."
1184,"Ele é prático e tem boa pegada, porem poderia ser mais pesado"
1618,"Produto é bom para enfeite no setup, porém é um enfeite muito caro. Com menos de 4 meses a bateria já não segura mais carga. Passa a noite toda no cabo e pela manha funciona menos de 40 minutos sem fio. Ele não presta, não comprem. Dinheiro jogado fora"
1959,"Produto excelente e recomendo para quem joga no PC"
1101,"Minha esposa adorou o controle para jogarmos Co-op e eu tbm, muito satisfeito com a compra."
1245,"Excelente para levar na mochila, viagem, muito prático e responsivo. Levo pro intervalo do trabalho e jogo no celular com eficiência."
1046,"Produto muito frágil, não cumpre com a precisão divulgada na propaganda, mal serve pra jogos 2D. Usado umas 4 vezes o botão R1 já pifou, e não funciona mais. 1 estrela pois não tem como ser menos"
1512,"Produto maravilhoso, baixo custo e atendeu prontamente minha necessidade de ter um player 2. Fiquei muito satisfeita com o produto. Uso diariamente no meu setup para jogar jogos indies. Indico a compra. Obrigada"
